{
        "key": "group_58009a75e6071",
        "title": "HSO Page Settings",
        "fields": [
            {
                "key": "field_58009aa203096",
                "label": "Select text color",
                "name": "hso_page_settings_text_color",
                "type": "select",
                "instructions": "",
                "required": 0,
                "conditional_logic": 0,
                "wrapper": {
                    "width": "",
                    "class": "",
                    "id": ""
                },
                "choices": {
                    "white": "White",
                    "black": "Black"
                },
                "default_value": [],
                "allow_null": 0,
                "multiple": 0,
                "ui": 0,
                "ajax": 0,
                "placeholder": "",
                "disabled": 0,
                "readonly": 0
            },
            {
                "key": "field_58009adc03097",
                "label": "Gradient",
                "name": "hso_page_settings_gradient",
                "type": "select",
                "instructions": "",
                "required": 0,
                "conditional_logic": 0,
                "wrapper": {
                    "width": "",
                    "class": "",
                    "id": ""
                },
                "choices": {
                    "on": "On",
                    "off": "Off"
                },
                "default_value": [],
                "allow_null": 0,
                "multiple": 0,
                "ui": 0,
                "ajax": 0,
                "placeholder": "",
                "disabled": 0,
                "readonly": 0
            },
            {
                "key": "field_58009b2e03098",
                "label": "Page Subtitle",
                "name": "hso_page_settings_subtitle",
                "type": "text",
                "instructions": "",
                "required": 0,
                "conditional_logic": 0,
                "wrapper": {
                    "width": "",
                    "class": "",
                    "id": ""
                },
                "default_value": "",
                "placeholder": "",
                "prepend": "",
                "append": "",
                "maxlength": "",
                "readonly": 0,
                "disabled": 0
            }
        ],
        "location": [
            [
                {
                    "param": "post_type",
                    "operator": "==",
                    "value": "page"
                }
            ]
        ],
        "menu_order": 0,
        "position": "side",
        "style": "default",
        "label_placement": "top",
        "instruction_placement": "label",
        "hide_on_screen": "",
        "active": 1,
        "description": ""
    }