{
  "key": "group_57f63d4fa06e0",
  "title": "HSO Options",
  "fields": [
    {
      "key": "field_57f63d68c9b9f",
      "label": "Demo Field",
      "name": "demo_field",
      "type": "text",
      "instructions": "",
      "required": 0,
      "conditional_logic": 0,
      "wrapper": {
        "width": "",
        "class": "",
        "id": ""
      },
      "default_value": "",
      "placeholder": "",
      "prepend": "",
      "append": "",
      "maxlength": "",
      "readonly": 0,
      "disabled": 0
    }
  ],
  "location": [
    [
      {
        "param": "options_page",
        "operator": "==",
        "value": "acf-options-hso-options"
      }
    ]
  ],
  "menu_order": 0,
  "position": "normal",
  "style": "default",
  "label_placement": "top",
  "instruction_placement": "label",
  "hide_on_screen": "",
  "active": 1,
  "description": ""
}