{
  "key": "group_57f74f2d99fc3",
  "title": "Startboxes",
  "fields": [
    {
      "key": "field_57f74f41bee0a",
      "label": "First Box",
      "name": "first_box",
      "type": "tab",
      "instructions": "",
      "required": 0,
      "conditional_logic": 0,
      "wrapper": {
        "width": "",
        "class": "",
        "id": ""
      },
      "placement": "top",
      "endpoint": 0
    },
    {
      "key": "field_57f74f5dbee0b",
      "label": "Image",
      "name": "image_1",
      "type": "image",
      "instructions": "",
      "required": 0,
      "conditional_logic": 0,
      "wrapper": {
        "width": "",
        "class": "",
        "id": ""
      },
      "return_format": "id",
      "preview_size": "thumbnail",
      "library": "all",
      "min_width": "",
      "min_height": "",
      "min_size": "",
      "max_width": "",
      "max_height": "",
      "max_size": "",
      "mime_types": ""
    },
    {
      "key": "field_57f75805bee0c",
      "label": "Title",
      "name": "title_1",
      "type": "text",
      "instructions": "",
      "required": 0,
      "conditional_logic": 0,
      "wrapper": {
        "width": "",
        "class": "",
        "id": ""
      },
      "default_value": "",
      "placeholder": "",
      "prepend": "",
      "append": "",
      "maxlength": "",
      "readonly": 0,
      "disabled": 0
    },
    {
      "key": "field_57f7580abee0d",
      "label": "Subtitle",
      "name": "subtitle_1",
      "type": "text",
      "instructions": "",
      "required": 0,
      "conditional_logic": 0,
      "wrapper": {
        "width": "",
        "class": "",
        "id": ""
      },
      "default_value": "",
      "placeholder": "",
      "prepend": "",
      "append": "",
      "maxlength": "",
      "readonly": 0,
      "disabled": 0
    },
    {
      "key": "field_57f7580fbee0e",
      "label": "Link",
      "name": "link_1",
      "type": "url",
      "instructions": "",
      "required": 0,
      "conditional_logic": 0,
      "wrapper": {
        "width": "",
        "class": "",
        "id": ""
      },
      "default_value": "",
      "placeholder": ""
    },
    {
      "key": "field_57f7582abee0f",
      "label": "Second Box",
      "name": "",
      "type": "tab",
      "instructions": "",
      "required": 0,
      "conditional_logic": 0,
      "wrapper": {
        "width": "",
        "class": "",
        "id": ""
      },
      "placement": "top",
      "endpoint": 0
    },
    {
      "key": "field_57f75835bee10",
      "label": "Image",
      "name": "image_2",
      "type": "image",
      "instructions": "",
      "required": 0,
      "conditional_logic": 0,
      "wrapper": {
        "width": "",
        "class": "",
        "id": ""
      },
      "return_format": "id",
      "preview_size": "thumbnail",
      "library": "all",
      "min_width": "",
      "min_height": "",
      "min_size": "",
      "max_width": "",
      "max_height": "",
      "max_size": "",
      "mime_types": ""
    },
    {
      "key": "field_57f75841bee11",
      "label": "Title",
      "name": "title_2",
      "type": "text",
      "instructions": "",
      "required": 0,
      "conditional_logic": 0,
      "wrapper": {
        "width": "",
        "class": "",
        "id": ""
      },
      "default_value": "",
      "placeholder": "",
      "prepend": "",
      "append": "",
      "maxlength": "",
      "readonly": 0,
      "disabled": 0
    },
    {
      "key": "field_57f75847bee12",
      "label": "Subtitle",
      "name": "subtitle_2",
      "type": "text",
      "instructions": "",
      "required": 0,
      "conditional_logic": 0,
      "wrapper": {
        "width": "",
        "class": "",
        "id": ""
      },
      "default_value": "",
      "placeholder": "",
      "prepend": "",
      "append": "",
      "maxlength": "",
      "readonly": 0,
      "disabled": 0
    },
    {
      "key": "field_57f75856bee13",
      "label": "Link",
      "name": "link_2",
      "type": "url",
      "instructions": "",
      "required": 0,
      "conditional_logic": 0,
      "wrapper": {
        "width": "",
        "class": "",
        "id": ""
      },
      "default_value": "",
      "placeholder": ""
    },
    {
      "key": "field_57f75867bee14",
      "label": "Third Box",
      "name": "",
      "type": "tab",
      "instructions": "",
      "required": 0,
      "conditional_logic": 0,
      "wrapper": {
        "width": "",
        "class": "",
        "id": ""
      },
      "placement": "top",
      "endpoint": 0
    },
    {
      "key": "field_57f75870bee15",
      "label": "Image",
      "name": "image_3",
      "type": "image",
      "instructions": "",
      "required": 0,
      "conditional_logic": 0,
      "wrapper": {
        "width": "",
        "class": "",
        "id": ""
      },
      "return_format": "id",
      "preview_size": "thumbnail",
      "library": "all",
      "min_width": "",
      "min_height": "",
      "min_size": "",
      "max_width": "",
      "max_height": "",
      "max_size": "",
      "mime_types": ""
    },
    {
      "key": "field_57f75877bee16",
      "label": "Title",
      "name": "title_3",
      "type": "text",
      "instructions": "",
      "required": 0,
      "conditional_logic": 0,
      "wrapper": {
        "width": "",
        "class": "",
        "id": ""
      },
      "default_value": "",
      "placeholder": "",
      "prepend": "",
      "append": "",
      "maxlength": "",
      "readonly": 0,
      "disabled": 0
    },
    {
      "key": "field_57f7587ebee17",
      "label": "Subtitle",
      "name": "subtitle_3",
      "type": "text",
      "instructions": "",
      "required": 0,
      "conditional_logic": 0,
      "wrapper": {
        "width": "",
        "class": "",
        "id": ""
      },
      "default_value": "",
      "placeholder": "",
      "prepend": "",
      "append": "",
      "maxlength": "",
      "readonly": 0,
      "disabled": 0
    },
    {
      "key": "field_57f75884bee18",
      "label": "Link",
      "name": "link_3",
      "type": "url",
      "instructions": "",
      "required": 0,
      "conditional_logic": 0,
      "wrapper": {
        "width": "",
        "class": "",
        "id": ""
      },
      "default_value": "",
      "placeholder": ""
    }
  ],
  "location": [
    [
      {
        "param": "options_page",
        "operator": "==",
        "value": "acf-options-hso-options"
      }
    ]
  ],
  "menu_order": 0,
  "position": "normal",
  "style": "default",
  "label_placement": "top",
  "instruction_placement": "label",
  "hide_on_screen": "",
  "active": 1,
  "description": ""
}