{
  "key": "group_57f60741ae5f4",
  "title": "Subfooter Layout",
  "fields": [
    {
      "key": "field_57f60793eb1b9",
      "label": "Contact Us",
      "name": "contact_us",
      "type": "wysiwyg",
      "instructions": "",
      "required": 0,
      "conditional_logic": 0,
      "wrapper": {
        "width": "",
        "class": "",
        "id": ""
      },
      "default_value": "",
      "tabs": "all",
      "toolbar": "full",
      "media_upload": 1
    }
  ],
  "location": [
    [
      {
        "param": "options_page",
        "operator": "==",
        "value": "acf-options-footer"
      }
    ]
  ],
  "menu_order": 0,
  "position": "normal",
  "style": "default",
  "label_placement": "top",
  "instruction_placement": "label",
  "hide_on_screen": "",
  "active": 1,
  "description": ""
}