{
  "key": "group_57f667052ab4f",
  "title": "Music Player Section",
  "fields": [
    {
      "key": "field_57f6673cc8890",
      "label": "Music File",
      "name": "music_file",
      "type": "file",
      "instructions": "",
      "required": 0,
      "conditional_logic": 0,
      "wrapper": {
        "width": "",
        "class": "",
        "id": ""
      },
      "return_format": "url",
      "library": "all",
      "min_size": "",
      "max_size": "",
      "mime_types": ""
    }
  ],
  "location": [
    [
      {
        "param": "options_page",
        "operator": "==",
        "value": "acf-options-hso-options"
      }
    ]
  ],
  "menu_order": 0,
  "position": "normal",
  "style": "default",
  "label_placement": "top",
  "instruction_placement": "label",
  "hide_on_screen": "",
  "active": 1,
  "description": ""
}